,sharpe,sharpe_drop
gross,1.5245982895785335,
- commission,1.2580448269597826,0.2665534626187509
- slippage,0.45779666408226155,0.8002481628775211
- borrow (net),0.4236550222729146,0.03414164180934692
