,sharpe,sharpe_drop
gross,3.7117225517732226,
- commission,3.408898479177746,0.3028240725954765
- slippage,2.497456916782206,0.9114415623955403
- borrow (net),2.454306585114386,0.043150331667819675
